Currency Portfolio,SD_A,SD_B,Correl,Weight_A,Weight_B,SD_Portfolio
"AUDCAD, AUDCHF",0.004195,0.005417,0.5814102,0.785420492,0.213579509,0.004077645
"AUDCAD, AUDJPY",0.004195,0.005327,0.254021991,0.654959173,0.344040828,0.003669618
"AUDCAD, AUDNZD",0.004195,0.0025,-0.419662125,0.325891424,0.673108576,0.001664278
"AUDCAD, AUDUSD",0.004195,0.006053,0.033514267,0.680544921,0.318455079,0.003497844
"AUDCAD, CADCHF",0.004195,0.004899,-0.040378428,0.573435832,0.425564168,0.003119018
"AUDCAD, CADJPY",0.004195,0.004427,-0.338639723,0.519573614,0.479426386,0.002474317
"AUDCAD, CHFJPY",0.004195,0.003393,-0.387157454,0.423760351,0.575239649,0.002069543
"AUDCAD, GBPAUD",0.004195,0.004151,0.308020095,0.491891943,0.507108057,0.003371185
"AUDCAD, GBPCAD",0.004195,0.004095,-0.484417977,0.491399838,0.507600162,0.002102082
"AUDCAD, GBPCHF",0.004195,0.004237,-0.057695906,0.504207528,0.494792472,0.002890887
"AUDCAD, GBPJPY",0.004195,0.00406,0.01806332,0.482918177,0.516081823,0.002940686
"AUDCAD, GBPNZD",0.004195,0.004603,-0.104891212,0.541366891,0.457633109,0.002931092
"AUDCAD, GBPUSD",0.004195,0.004111,-0.459222316,0.492578451,0.506421549,0.002157094
"AUDCAD, NZDCAD",0.004195,0.004553,0.121061974,0.545843663,0.453156338,0.003262517
"AUDCAD, NZDCHF",0.004195,0.005457,0.287031408,0.677229577,0.321770423,0.003744068
"AUDCAD, NZDJPY",0.004195,0.005916,-0.152654917,0.643946942,0.355053058,0.003158642
"AUDCAD, NZDUSD",0.004195,0.006347,0.110018467,0.717320385,0.281679615,0.003665393
"AUDCAD, USDCAD",0.004195,0.004198,-0.262177979,0.499778084,0.499221916,0.002546323
"AUDCAD, USDCHF",0.004195,0.004141,0.19427404,0.491466848,0.507533152,0.003217351
"AUDCAD, USDJPY",0.004195,0.003077,-0.568449924,0.402199544,0.596800456,0.001642079
"AUDCHF, AUDJPY",0.005417,0.005327,0.332166974,0.486971834,0.512028166,0.004379303
"AUDCHF, AUDNZD",0.005417,0.0025,-0.526068241,0.268074238,0.730925762,0.001629707
"AUDCHF, AUDUSD",0.005417,0.006053,-0.291939735,0.542314937,0.456685064,0.003395597
"AUDCHF, CADCHF",0.005417,0.004899,0.142365813,0.441200645,0.557799355,0.003878019
"AUDCHF, CADJPY",0.005417,0.004427,-0.431214398,0.429588819,0.569411181,0.002590481
"AUDCHF, CHFJPY",0.005417,0.003393,-0.472056075,0.346484932,0.652515068,0.002121628
"AUDCHF, GBPAUD",0.005417,0.004151,0.576153644,0.206649635,0.792350367,0.004039001
"AUDCHF, GBPCAD",0.005417,0.004095,-0.496017386,0.407301491,0.59169851,0.002331421
"AUDCHF, GBPCHF",0.005417,0.004237,0.176314744,0.354351867,0.644648133,0.00360469
"AUDCHF, GBPJPY",0.005417,0.00406,-0.231755371,0.384781782,0.614218218,0.002855519
"AUDCHF, GBPNZD",0.005417,0.004603,0.190216709,0.396228753,0.602771247,0.00381715
"AUDCHF, GBPUSD",0.005417,0.004111,-0.396387313,0.402219933,0.596780067,0.002555099
"AUDCHF, NZDCAD",0.005417,0.004553,0.071591847,0.407057202,0.591942798,0.003602321
"AUDCHF, NZDCHF",0.005417,0.005457,-0.389993939,0.502171793,0.496828207,0.002999644
"AUDCHF, NZDJPY",0.005417,0.005916,-0.331736446,0.532482597,0.466517403,0.003264264
"AUDCHF, NZDUSD",0.005417,0.006347,0.423932798,0.634412187,0.364587814,0.004889548
"AUDCHF, USDCAD",0.005417,0.004198,-0.421954396,0.410801629,0.588198371,0.002532208
"AUDCHF, USDCHF",0.005417,0.004141,0.000830368,0.368377844,0.630622156,0.003287876
"AUDCHF, USDJPY",0.005417,0.003077,-0.811918681,0.348795965,0.650204035,0.001197632
"AUDJPY, AUDNZD",0.005327,0.0025,-0.69778793,0.291797556,0.707202444,0.001306408
"AUDJPY, AUDUSD",0.005327,0.006053,-0.645904741,0.53818695,0.46081305,0.002381012
"AUDJPY, CADCHF",0.005327,0.004899,-0.559594847,0.47270514,0.52629486,0.002392124
"AUDJPY, CADJPY",0.005327,0.004427,-0.042035348,0.411426233,0.587573769,0.003330212
"AUDJPY, CHFJPY",0.005327,0.003393,-0.51156859,0.355215509,0.643784491,0.002030523
"AUDJPY, GBPAUD",0.005327,0.004151,-0.568558812,0.420809878,0.578190122,0.002160441
"AUDJPY, GBPCAD",0.005327,0.004095,-0.72486845,0.423973798,0.575026202,0.001713376
"AUDJPY, GBPCHF",0.005327,0.004237,0.057281505,0.382334844,0.616665184,0.00340361
"AUDJPY, GBPJPY",0.005327,0.00406,-0.678253289,0.419435838,0.579564162,0.001843157
"AUDJPY, GBPNZD",0.005327,0.004603,-0.56355573,0.452981518,0.546018482,0.002303018
"AUDJPY, GBPUSD",0.005327,0.004111,-0.047765224,0.378482511,0.620517489,0.003175055
"AUDJPY, NZDCAD",0.005327,0.004553,0.565354256,0.323343805,0.675656195,0.004292032
"AUDJPY, NZDCHF",0.005327,0.005457,-0.336427885,0.508533932,0.490466069,0.00310217
"AUDJPY, NZDJPY",0.005327,0.005916,0.084674365,0.556459575,0.442540426,0.004117691
"AUDJPY, NZDUSD",0.005327,0.006347,-0.188076566,0.572609708,0.426390292,0.003677389
"AUDJPY, USDCAD",0.005327,0.004198,0.574232435,0.235141426,0.763858574,0.004057685
"AUDJPY, USDCHF",0.005327,0.004141,0.589183541,0.21233843,0.786661573,0.004029036
"AUDJPY, USDJPY",0.005327,0.003077,-0.478688302,0.323073971,0.675926029,0.001964871
"AUDNZD, AUDUSD",0.0025,0.006053,0.878820585,0.899000011,0.100000052,0.002794416
"AUDNZD, CADCHF",0.0025,0.004899,0.764926998,0.898999365,0.100000671,0.002641157
"AUDNZD, CADJPY",0.0025,0.004427,0.742161552,0.898999301,0.100000711,0.002593087
"AUDNZD, CHFJPY",0.0025,0.003393,0.697082574,0.898999614,0.100000533,0.002495905
"AUDNZD, GBPAUD",0.0025,0.004151,0.138590904,0.765716739,0.233283261,0.002261869
"AUDNZD, GBPCAD",0.0025,0.004095,0.915802949,0.898999423,0.100004023,0.002627687
"AUDNZD, GBPCHF",0.0025,0.004237,-0.340979172,0.685502218,0.313497782,0.001774522
"AUDNZD, GBPJPY",0.0025,0.00406,0.802233073,0.898999399,0.100000685,0.002584598
"AUDNZD, GBPNZD",0.0025,0.004603,0.640649098,0.899,0.1,0.00256684
"AUDNZD, GBPUSD",0.0025,0.004111,0.6217368,0.898999994,0.100000012,0.00252372
"AUDNZD, NZDCAD",0.0025,0.004553,-0.809719472,0.658749517,0.340250487,0.000990183
"AUDNZD, NZDCHF",0.0025,0.005457,0.437779572,0.898999986,0.100000015,0.002534341
"AUDNZD, NZDJPY",0.0025,0.005916,-0.056560062,0.834061098,0.164938902,0.002251632
"AUDNZD, NZDUSD",0.0025,0.006347,0.230906592,0.898999994,0.100000011,0.002472422
"AUDNZD, USDCAD",0.0025,0.004198,-0.046875674,0.728040327,0.270959673,0.002100607
"AUDNZD, USDCHF",0.0025,0.004141,-0.671813615,0.645361989,0.353638021,0.001254195
"AUDNZD, USDJPY",0.0025,0.003077,0.708607269,0.833268991,0.165731009,0.00247087
"AUDUSD, CADCHF",0.006053,0.004899,0.80673052,0.100000036,0.899000076,0.004905573
"AUDUSD, CADJPY",0.006053,0.004427,0.629563356,0.121139157,0.877860843,0.004385085
"AUDUSD, CHFJPY",0.006053,0.003393,0.582417912,0.100000088,0.899000566,0.003438237
"AUDUSD, GBPAUD",0.006053,0.004151,0.302805706,0.248695926,0.750304074,0.003847813
"AUDUSD, GBPCAD",0.006053,0.004095,0.776507394,0.100000006,0.898999994,0.004168909
"AUDUSD, GBPCHF",0.006053,0.004237,-0.393609692,0.374683959,0.624316041,0.002723625
"AUDUSD, GBPJPY",0.006053,0.00406,0.90718956,0.100002946,0.898997441,0.004206783
"AUDUSD, GBPNZD",0.006053,0.004603,0.662903599,0.129892448,0.869107555,0.004559859
"AUDUSD, GBPUSD",0.006053,0.004111,0.471850325,0.171514004,0.827485998,0.003997855
"AUDUSD, NZDCAD",0.006053,0.004553,-0.825776962,0.422274288,0.576725712,0.001530862
"AUDUSD, NZDCHF",0.006053,0.005457,0.628798923,0.36179205,0.63720795,0.005144269
"AUDUSD, NZDJPY",0.006053,0.005916,-0.146958376,0.489530452,0.509469548,0.003903781
"AUDUSD, NZDUSD",0.006053,0.006347,0.2993307,0.533266705,0.465733295,0.004986911
"AUDUSD, USDCAD",0.006053,0.004198,-0.183703292,0.350161043,0.648838957,0.003128977
"AUDUSD, USDCHF",0.006053,0.004141,-0.655488327,0.387139294,0.611860706,0.002031561
"AUDUSD, USDJPY",0.006053,0.003077,0.499562258,0.100000027,0.89899998,0.003113086
"CADCHF, CADJPY",0.004899,0.004427,0.542465519,0.395272668,0.603727332,0.004063031
"CADCHF, CHFJPY",0.004899,0.003393,0.445946708,0.197985918,0.801014082,0.003267808
"CADCHF, GBPAUD",0.004899,0.004151,0.595095945,0.300876092,0.698123909,0.003956571
"CADCHF, GBPCAD",0.004899,0.004095,0.686553425,0.226339806,0.772660202,0.004007259
"CADCHF, GBPCHF",0.004899,0.004237,-0.275875154,0.44291815,0.55608185,0.002727413
"CADCHF, GBPJPY",0.004899,0.00406,0.759308497,0.134212052,0.864787948,0.004033048
"CADCHF, GBPNZD",0.004899,0.004603,0.88391505,0.235639334,0.763360666,0.004566163
"CADCHF, GBPUSD",0.004899,0.004111,0.41903796,0.351866551,0.647133449,0.003727246
"CADCHF, NZDCAD",0.004899,0.004553,-0.893473195,0.480183023,0.518816977,0.001088115
"CADCHF, NZDCHF",0.004899,0.005457,0.216920095,0.567908418,0.431091582,0.00401424
"CADCHF, NZDJPY",0.004899,0.005916,-0.312326947,0.570758763,0.428241237,0.003132396
"CADCHF, NZDUSD",0.004899,0.006347,0.580062776,0.787865687,0.211134313,0.004763827
"CADCHF, USDCAD",0.004899,0.004198,-0.377698181,0.443776367,0.555223633,0.002516234
"CADCHF, USDCHF",0.004899,0.004141,-0.778519473,0.452482338,0.546517664,0.001491429
"CADCHF, USDJPY",0.004899,0.003077,0.205781386,0.233286953,0.765713047,0.002822337
"CADJPY, CHFJPY",0.004427,0.003393,0.487303366,0.254292745,0.744707256,0.00322867
"CADJPY, GBPAUD",0.004427,0.004151,-0.342926823,0.475583401,0.5234166,0.002452752
"CADJPY, GBPCAD",0.004427,0.004095,0.597638379,0.396258793,0.602741236,0.003787461
"CADJPY, GBPCHF",0.004427,0.004237,-0.435094203,0.484244072,0.514755929,0.002298672
"CADJPY, GBPJPY",0.004427,0.00406,0.489401443,0.412017332,0.586982841,0.003641581
"CADJPY, GBPNZD",0.004427,0.004603,0.357307033,0.529763449,0.469236551,0.003712856
"CADJPY, GBPUSD",0.004427,0.004111,0.816284526,0.300946426,0.698053574,0.004031367
"CADJPY, NZDCAD",0.004427,0.004553,-0.6054639,0.508244802,0.490755199,0.001991793
"CADJPY, NZDCHF",0.004427,0.005457,0.304811076,0.646223923,0.352776078,0.003904843
"CADJPY, NZDJPY",0.004427,0.005916,0.006487611,0.641249035,0.357750965,0.003551926
"CADJPY, NZDUSD",0.004427,0.006347,0.131710481,0.696406194,0.302593807,0.00384098
"CADJPY, USDCAD",0.004427,0.004198,0.46635337,0.449884463,0.549115537,0.003682752
"CADJPY, USDCHF",0.004427,0.004141,-0.382116592,0.475384381,0.523615619,0.002375532
"CADJPY, USDJPY",0.004427,0.003077,0.540185797,0.146885546,0.852114456,0.003023158
"CHFJPY, GBPAUD",0.003393,0.004151,0.028367036,0.601715533,0.397284467,0.002660612
"CHFJPY, GBPCAD",0.003393,0.004095,0.723405613,0.820463532,0.178536469,0.003350956
"CHFJPY, GBPCHF",0.003393,0.004237,-0.043680628,0.604206472,0.394793528,0.002588682
"CHFJPY, GBPJPY",0.003393,0.00406,0.595664004,0.713815608,0.285184398,0.003247677
"CHFJPY, GBPNZD",0.003393,0.004603,0.465023618,0.765410329,0.233589671,0.003240019
"CHFJPY, GBPUSD",0.003393,0.004111,0.529418445,0.696685715,0.302314286,0.003200481
"CHFJPY, NZDCAD",0.003393,0.004553,-0.458409049,0.598704393,0.400295607,0.002013434
"CHFJPY, NZDCHF",0.003393,0.005457,0.378726824,0.834111152,0.164888848,0.003278448
"CHFJPY, NZDJPY",0.003393,0.005916,-0.505203238,0.675135902,0.323864098,0.002117492
"CHFJPY, NZDUSD",0.003393,0.006347,0.199036811,0.831969242,0.167030761,0.003206837
"CHFJPY, USDCAD",0.003393,0.004198,0.074423444,0.612486011,0.386513989,0.002730104
"CHFJPY, USDCHF",0.003393,0.004141,-0.457890787,0.567283257,0.431716743,0.00193639
"CHFJPY, USDJPY",0.003393,0.003077,0.636628493,0.366631211,0.632368789,0.002900962
"EURAUD, AUDCAD",0.004359,0.004195,0.240716041,0.474292628,0.524707372,0.00336307
"EURAUD, AUDCHF",0.004359,0.005417,0.343013397,0.66035478,0.338645222,0.003908115
"EURAUD, AUDJPY",0.004359,0.005327,0.524916657,0.703119828,0.295880173,0.004116959
"EURAUD, AUDNZD",0.004359,0.0025,-0.777895968,0.348587586,0.650412414,0.001053031
"EURAUD, AUDUSD",0.004359,0.006053,-0.731249528,0.592997135,0.406002865,0.001852201
"EURAUD, CADCHF",0.004359,0.004899,-0.652921798,0.534729912,0.464270089,0.001919182
"EURAUD, CADJPY",0.004359,0.004427,-0.602317409,0.504336481,0.494663519,0.001956819
"EURAUD, CHFJPY",0.004359,0.003393,-0.109774676,0.388700821,0.610299179,0.002527547
"EURAUD, EURCAD",0.004359,0.004051,0.055824636,0.460786219,0.538213781,0.003045819
"EURAUD, EURCHF",0.004359,0.002433,0.19838847,0.183986599,0.815013402,0.002281709
"EURAUD, EURGBP",0.004359,0.003356,0.417874879,0.285230814,0.713769186,0.003126166
"EURAUD, EURJPY",0.004359,0.003214,0.83418639,0.10000019,0.899004292,0.003261892
"EURAUD, EURNZD",0.004359,0.004539,-0.189716011,0.516513958,0.482486042,0.002827439
"EURAUD, GBPAUD",0.004359,0.004151,-0.147962596,0.478235924,0.520764076,0.002772194
"EURAUD, GBPCAD",0.004359,0.004095,-0.652004216,0.480601814,0.518398186,0.001759549
"EURAUD, GBPCHF",0.004359,0.004237,0.442541449,0.474031963,0.524968046,0.003644856
"EURAUD, GBPJPY",0.004359,0.00406,-0.607811171,0.477433124,0.521566876,0.001859575
"EURAUD, GBPNZD",0.004359,0.004603,-0.472849073,0.517973749,0.481026252,0.002296219
"EURAUD, GBPUSD",0.004359,0.004111,-0.417456747,0.478886082,0.520113918,0.002280967
"EURAUD, NZDCAD",0.004359,0.004553,0.707191217,0.573578941,0.425421061,0.004105176
"EURAUD, NZDCHF",0.004359,0.005457,-0.318918139,0.583683297,0.415316703,0.002816358
"EURAUD, NZDJPY",0.004359,0.005916,-0.381775997,0.607944792,0.391055208,0.002773749
"EURAUD, NZDUSD",0.004359,0.006347,-0.149880213,0.65682666,0.34217334,0.003324165
"EURAUD, USDCAD",0.004359,0.004198,0.102634909,0.478564974,0.520435026,0.003171828
"EURAUD, USDCHF",0.004359,0.004141,0.521551461,0.446020987,0.552979013,0.003696947
"EURAUD, USDJPY",0.004359,0.003077,-0.4625917,0.383192217,0.615807783,0.001858014
"EURCAD, AUDCAD",0.004051,0.004195,0.339497007,0.525918736,0.473081264,0.003368744
"EURCAD, AUDCHF",0.004051,0.005417,-0.048455967,0.634413061,0.364586939,0.003164418
"EURCAD, AUDJPY",0.004051,0.005327,-0.35652654,0.598816051,0.400183949,0.002596462
"EURCAD, AUDNZD",0.004051,0.0025,0.404413339,0.148765054,0.850234946,0.00243257
"EURCAD, AUDUSD",0.004051,0.006053,0.625796083,0.89899985,0.100000175,0.004048268
"EURCAD, CADCHF",0.004051,0.004899,0.432297443,0.662552142,0.336447858,0.003707493
"EURCAD, CADJPY",0.004051,0.004427,0.232263966,0.557027295,0.441972705,0.003312274
"EURCAD, CHFJPY",0.004051,0.003393,0.728361594,0.189930571,0.809069454,0.003347356
"EURCAD, EURCHF",0.004051,0.002433,0.644644844,0.100000637,0.898999371,0.002467921
"EURCAD, EURGBP",0.004051,0.003356,0.37691458,0.35193452,0.64706548,0.003013642
"EURCAD, EURJPY",0.004051,0.003214,0.135815553,0.368570655,0.630429346,0.00267517
"EURCAD, EURNZD",0.004051,0.004539,0.352938174,0.586599247,0.412400753,0.003505809
"EURCAD, GBPAUD",0.004051,0.004151,0.276755759,0.516335653,0.482664347,0.003272447
"EURCAD, GBPCAD",0.004051,0.004095,0.394969127,0.508359024,0.490640977,0.003397973
"EURCAD, GBPCHF",0.004051,0.004237,-0.066605226,0.520478309,0.478521695,0.002826106
"EURCAD, GBPJPY",0.004051,0.00406,0.637046805,0.502570879,0.496429122,0.00366542
"EURCAD, GBPNZD",0.004051,0.004603,0.413243944,0.607066695,0.391933313,0.003601288
"EURCAD, GBPUSD",0.004051,0.004111,0.19936232,0.508649537,0.490350463,0.00315683
"EURCAD, NZDCAD",0.004051,0.004553,-0.380526474,0.541669051,0.45733095,0.00238188
"EURCAD, NZDCHF",0.004051,0.005457,0.602808357,0.841325791,0.15767421,0.003986444
"EURCAD, NZDJPY",0.004051,0.005916,-0.621808122,0.613823464,0.385176537,0.002080639
"EURCAD, NZDUSD",0.004051,0.006347,0.294085015,0.786351604,0.212648396,0.003807611
"EURCAD, USDCAD",0.004051,0.004198,-0.137520868,0.515134201,0.483865799,0.002704618
"EURCAD, USDCHF",0.004051,0.004141,-0.341305722,0.507682378,0.491317622,0.002347941
"EURCAD, USDJPY",0.004051,0.003077,0.232625717,0.32678885,0.67221115,0.002702721
"EURCHF, AUDCAD",0.002433,0.004195,0.164828224,0.788952569,0.210047431,0.002240215
"EURCHF, AUDCHF",0.002433,0.005417,0.508243622,0.898999834,0.100000186,0.002506383
"EURCHF, AUDJPY",0.002433,0.005327,-0.183891166,0.786672276,0.212327725,0.002036277
"EURCHF, AUDNZD",0.002433,0.0025,0.188702459,0.516219447,0.482780553,0.001899019
"EURCHF, AUDUSD",0.002433,0.006053,0.291971297,0.898998742,0.100001323,0.002433853
"EURCHF, CADCHF",0.002433,0.004899,0.593669467,0.898999301,0.100000711,0.002509268
"EURCHF, CADJPY",0.002433,0.004427,0.075946915,0.78562007,0.213379938,0.00219547
"EURCHF, CHFJPY",0.002433,0.003393,0.511260774,0.810223465,0.188776536,0.002363738
"EURCHF, EURGBP",0.002433,0.003356,0.340510038,0.729161638,0.269838362,0.002249758
"EURCHF, EURJPY",0.002433,0.003214,0.148985835,0.657742852,0.34125715,0.002070481
"EURCHF, EURNZD",0.002433,0.004539,-0.464347937,0.698917705,0.300082295,0.001611156
"EURCHF, GBPAUD",0.002433,0.004151,0.5891868,0.898999659,0.100000362,0.002454859
"EURCHF, GBPCAD",0.002433,0.004095,0.240397237,0.802293969,0.196706031,0.002283649
"EURCHF, GBPCHF",0.002433,0.004237,0.11270282,0.778425629,0.220574371,0.002204379
"EURCHF, GBPJPY",0.002433,0.00406,0.3595536,0.844397625,0.154602375,0.002354132
"EURCHF, GBPNZD",0.002433,0.004603,0.648305505,0.898999301,0.100000711,0.002510268
"EURCHF, GBPUSD",0.002433,0.004111,0.142139384,0.774068699,0.224931302,0.002212911
"EURCHF, NZDCAD",0.002433,0.004553,-0.402452707,0.70750456,0.29149544,0.001698715
"EURCHF, NZDCHF",0.002433,0.005457,-0.024915895,0.827302919,0.171697081,0.002198949
"EURCHF, NZDJPY",0.002433,0.005916,-0.803786667,0.726268211,0.2727318,0.001068829
"EURCHF, NZDUSD",0.002433,0.006347,0.607392119,0.898999952,0.100000051,0.00262172
"EURCHF, USDCAD",0.002433,0.004198,-0.340068736,0.691239539,0.307760461,0.001737754
"EURCHF, USDCHF",0.002433,0.004141,-0.464699206,0.672417357,0.326582643,0.001564967
"EURCHF, USDJPY",0.002433,0.003077,-0.16073024,0.599121674,0.399878327,0.001749907
"EURGBP, AUDCAD",0.003356,0.004195,-0.13751553,0.596176984,0.402823016,0.002434907
"EURGBP, AUDCHF",0.003356,0.005417,-0.131587645,0.698445003,0.300554997,0.002672197
"EURGBP, AUDJPY",0.003356,0.005327,0.490290218,0.886116406,0.112883595,0.003310384
"EURGBP, AUDNZD",0.003356,0.0025,0.003336806,0.356080132,0.642919868,0.002006058
"EURGBP, AUDUSD",0.003356,0.006053,-0.062624448,0.75078577,0.248214231,0.002851623
"EURGBP, CADCHF",0.003356,0.004899,-0.103819917,0.664011967,0.334988033,0.002626737
"EURGBP, CADJPY",0.003356,0.004427,0.451897898,0.738349343,0.260650657,0.003171065
"EURGBP, CHFJPY",0.003356,0.003393,0.493489968,0.51031167,0.48868833,0.002912922
"EURGBP, EURJPY",0.003356,0.003214,0.458155584,0.459686614,0.539313386,0.002799059
"EURGBP, EURNZD",0.003356,0.004539,0.022410692,0.649122136,0.349877866,0.002724477
"EURGBP, GBPAUD",0.003356,0.004151,-0.536335627,0.568135869,0.430864131,0.001782202
"EURGBP, GBPCAD",0.003356,0.004095,-6.73546E-05,0.597622532,0.401377468,0.002592996
"EURGBP, GBPCHF",0.003356,0.004237,0.015987162,0.61567911,0.38332089,0.002648464
"EURGBP, GBPJPY",0.003356,0.00406,-0.080467945,0.586638708,0.412361292,0.002479609
"EURGBP, GBPNZD",0.003356,0.004603,-0.089120157,0.640318338,0.358681662,0.002590612
"EURGBP, GBPUSD",0.003356,0.004111,0.486042623,0.690390892,0.308609109,0.003136126
"EURGBP, NZDCAD",0.003356,0.004553,0.099755821,0.662870083,0.336129917,0.002823149
"EURGBP, NZDCHF",0.003356,0.005457,0.033920978,0.731886656,0.267113344,0.002898375
"EURGBP, NZDJPY",0.003356,0.005916,-0.434897829,0.686116305,0.3128837,0.002240771
"EURGBP, NZDUSD",0.003356,0.006347,0.020505785,0.785594068,0.213405938,0.002988642
"EURGBP, USDCAD",0.003356,0.004198,0.650023753,0.800056895,0.198943105,0.003289667
"EURGBP, USDCHF",0.003356,0.004141,0.122413287,0.617065881,0.381934119,0.002755324
"EURGBP, USDJPY",0.003356,0.003077,0.152892712,0.448484812,0.550515188,0.002431956
"EURJPY, AUDCAD",0.003214,0.004195,0.321403383,0.688064185,0.310935815,0.002906211
"EURJPY, AUDCHF",0.003214,0.005417,0.257113906,0.808700343,0.190299657,0.003032508
"EURJPY, AUDJPY",0.003214,0.005327,0.533220371,0.898999235,0.100000774,0.003205271
"EURJPY, AUDNZD",0.003214,0.0025,-0.645897411,0.423908424,0.575091576,0.001180219
"EURJPY, AUDUSD",0.003214,0.006053,-0.55690228,0.690950882,0.308049118,0.001948424
"EURJPY, CADCHF",0.003214,0.004899,-0.559274332,0.630960452,0.368039554,0.001809277
"EURJPY, CADJPY",0.003214,0.004427,-0.404251709,0.611255325,0.387744675,0.002019797
"EURJPY, CHFJPY",0.003214,0.003393,-0.077623696,0.5245938,0.4744062,0.002238843
"EURJPY, EURNZD",0.003214,0.004539,-0.041995096,0.659076304,0.339923696,0.002567713
"EURJPY, GBPAUD",0.003214,0.004151,-0.224309269,0.602257284,0.396742716,0.002242514
"EURJPY, GBPCAD",0.003214,0.004095,-0.740402948,0.568540256,0.430459744,0.001294798
"EURJPY, GBPCHF",0.003214,0.004237,-0.100238574,0.622270626,0.376729374,0.002430592
"EURJPY, GBPJPY",0.003214,0.00406,-0.663320171,0.569174807,0.429825193,0.001468567
"EURJPY, GBPNZD",0.003214,0.004603,-0.628123951,0.607754385,0.391245615,0.001624673
"EURJPY, GBPUSD",0.003214,0.004111,-0.536697432,0.578754792,0.420245208,0.001730689
"EURJPY, NZDCAD",0.003214,0.004553,0.59089979,0.876844065,0.122155936,0.003178649
"EURJPY, NZDCHF",0.003214,0.005457,-0.167223706,0.710812296,0.288187704,0.0025477
"EURJPY, NZDJPY",0.003214,0.005916,-0.33850452,0.711160838,0.287839163,0.002342857
"EURJPY, NZDUSD",0.003214,0.006347,-0.167980216,0.759983524,0.239016476,0.002650044
"EURJPY, USDCAD",0.003214,0.004198,0.182767025,0.657766221,0.341233779,0.002761935
"EURJPY, USDCHF",0.003214,0.004141,0.696309348,0.880375677,0.118624324,0.003191108
"EURJPY, USDJPY",0.003214,0.003077,-0.387438921,0.48381833,0.51518167,0.001738055
"EURNZD, AUDCAD",0.004539,0.004195,0.180622512,0.451600377,0.547399626,0.003342952
"EURNZD, AUDCHF",0.004539,0.005417,-0.680019871,0.551853807,0.447146193,0.001972217
"EURNZD, AUDJPY",0.004539,0.005327,-0.177875273,0.566926886,0.432073114,0.003132466
"EURNZD, AUDNZD",0.004539,0.0025,0.245320638,0.16271857,0.836281432,0.002382051
"EURNZD, AUDUSD",0.004539,0.006053,0.373994837,0.717837397,0.281162603,0.004202427
"EURNZD, CADCHF",0.004539,0.004899,-0.22028151,0.530690393,0.468309607,0.002937888
"EURNZD, CADJPY",0.004539,0.004427,0.193343872,0.484018982,0.514981018,0.003458471
"EURNZD, CHFJPY",0.004539,0.003393,0.216924586,0.320965178,0.678034822,0.002978115
"EURNZD, GBPAUD",0.004539,0.004151,-0.414111067,0.467986997,0.531013003,0.0023437
"EURNZD, GBPCAD",0.004539,0.004095,0.175676173,0.437406117,0.561593883,0.003291614
"EURNZD, GBPCHF",0.004539,0.004237,-0.219560827,0.471337964,0.527662036,0.002734057
"EURNZD, GBPJPY",0.004539,0.00406,0.298833593,0.413397038,0.585603054,0.003440929
"EURNZD, GBPNZD",0.004539,0.004603,-0.31558459,0.504802639,0.494197362,0.002671128
"EURNZD, GBPUSD",0.004539,0.004111,0.079258283,0.445972045,0.553027955,0.00316164
"EURNZD, NZDCAD",0.004539,0.004553,0.044372122,0.501100078,0.497899922,0.003281754
"EURNZD, NZDCHF",0.004539,0.005457,0.728266168,0.819912864,0.179087136,0.004483604
"EURNZD, NZDJPY",0.004539,0.005916,0.278543934,0.676442878,0.322557122,0.004041362
"EURNZD, NZDUSD",0.004539,0.006347,-0.414718208,0.615460397,0.383539603,0.002844195
"EURNZD, USDCAD",0.004539,0.004198,0.274226612,0.445891171,0.55310883,0.003473475
"EURNZD, USDCHF",0.004539,0.004141,0.166925654,0.444656726,0.554343275,0.003299964
"EURNZD, USDJPY",0.004539,0.003077,0.474972351,0.168543228,0.830456775,0.002995313
"EURUSD, AUDCAD",0.003803,0.004195,0.45226878,0.588336828,0.410663172,0.003385339
"EURUSD, AUDCHF",0.003803,0.005417,0.093674584,0.68556664,0.313433361,0.003241857
"EURUSD, AUDJPY",0.003803,0.005327,-0.735630653,0.595164083,0.403835917,0.001608439
"EURUSD, AUDNZD",0.003803,0.0025,0.338853298,0.212024963,0.786975037,0.002365607
"EURUSD, AUDUSD",0.003803,0.006053,0.601954819,0.898998398,0.100001617,0.003814013
"EURUSD, CADCHF",0.003803,0.004899,0.468367521,0.726258354,0.272741646,0.003587576
"EURUSD, CADJPY",0.003803,0.004427,-0.20700552,0.562017844,0.436982156,0.002568816
"EURUSD, CHFJPY",0.003803,0.003393,0.197039102,0.428947167,0.570052834,0.002765065
"EURUSD, EURAUD",0.003803,0.004359,-0.305738153,0.551474387,0.447525613,0.002387941
"EURUSD, EURCAD",0.003803,0.004051,0.548588598,0.569185885,0.429814115,0.003442744
"EURUSD, EURCHF",0.003803,0.002433,0.272389732,0.221347897,0.777652105,0.00227069
"EURUSD, EURGBP",0.003803,0.003356,-0.545220962,0.459166023,0.539833977,0.00169757
"EURUSD, EURJPY",0.003803,0.003214,-0.2560114,0.433013352,0.565986649,0.002118263
"EURUSD, EURNZD",0.003803,0.004539,0.294266393,0.622652157,0.376347843,0.003302407
"EURUSD, GBPAUD",0.003803,0.004151,0.728627786,0.658607174,0.340392826,0.003664316
"EURUSD, GBPCAD",0.003803,0.004095,0.31972882,0.553658348,0.445341652,0.00319603
"EURUSD, GBPCHF",0.003803,0.004237,-0.094124119,0.54867615,0.45032385,0.002691661
"EURUSD, GBPJPY",0.003803,0.00406,0.61774732,0.584516161,0.414483839,0.00352063
"EURUSD, GBPNZD",0.003803,0.004603,0.430765122,0.662885668,0.336114342,0.003479802
"EURUSD, GBPUSD",0.003803,0.004111,-0.283136019,0.529773457,0.469226543,0.002362071
"EURUSD, NZDCAD",0.003803,0.004553,-0.417724531,0.56252475,0.43647525,0.002230247
"EURUSD, NZDCHF",0.003803,0.005457,0.505547668,0.828464521,0.170535479,0.00370907
"EURUSD, NZDJPY",0.003803,0.005916,-0.168830655,0.679302916,0.319697085,0.002932779
"EURUSD, NZDUSD",0.003803,0.006347,0.245976438,0.80034266,0.19865734,0.003569584
"EURUSD, USDCAD",0.003803,0.004198,-0.698948398,0.528510849,0.470489151,0.001546435
"EURUSD, USDCHF",0.003803,0.004141,-0.385450835,0.530158679,0.468841321,0.002194708
"EURUSD, USDJPY",0.003803,0.003077,0.050154904,0.389857473,0.609142527,0.00244746
"GBPAUD, GBPCAD",0.004151,0.004095,0.181836359,0.491213482,0.507786518,0.003165979
"GBPAUD, GBPCHF",0.004151,0.004237,0.104765461,0.510934407,0.488065593,0.003113437
"GBPAUD, GBPJPY",0.004151,0.00406,0.384633728,0.481558166,0.517441835,0.003411699
"GBPAUD, GBPNZD",0.004151,0.004603,0.639075344,0.640721706,0.358278294,0.003924224
"GBPAUD, GBPUSD",0.004151,0.004111,-0.313494123,0.495799782,0.503200218,0.00241777
"GBPAUD, NZDCAD",0.004151,0.004553,-0.402152926,0.53238129,0.46661871,0.00237088
"GBPAUD, NZDCHF",0.004151,0.005457,-0.013531132,0.63109737,0.36790263,0.00327888
"GBPAUD, NZDJPY",0.004151,0.005916,-0.341173853,0.628149554,0.370850446,0.002776466
"GBPAUD, NZDUSD",0.004151,0.006347,0.545316956,0.898999961,0.100000039,0.004112421
"GBPAUD, USDCAD",0.004151,0.004198,-0.846582888,0.502542215,0.496457786,0.001154988
"GBPAUD, USDCHF",0.004151,0.004141,-0.481180811,0.498687349,0.500312651,0.002109537
"GBPAUD, USDJPY",0.004151,0.003077,-0.280608131,0.385087248,0.613912752,0.002104499
"GBPCAD, GBPCHF",0.004095,0.004237,0.037185989,0.517178124,0.481821876,0.002995739
"GBPCAD, GBPJPY",0.004095,0.00406,0.859169621,0.413397038,0.585603054,0.003928688
"GBPCAD, GBPNZD",0.004095,0.004603,0.74546974,0.723488041,0.275511959,0.003998446
"GBPCAD, GBPUSD",0.004095,0.004111,0.715666057,0.506323695,0.492676305,0.003796311
"GBPCAD, NZDCAD",0.004095,0.004553,-0.713258686,0.530360729,0.468639271,0.001630646
"GBPCAD, NZDCHF",0.004095,0.005457,0.375380835,0.717833275,0.281166725,0.003792237
"GBPCAD, NZDJPY",0.004095,0.005916,-0.097684266,0.660670331,0.33832967,0.003204329
"GBPCAD, NZDUSD",0.004095,0.006347,0.254855201,0.767613767,0.231386235,0.003793503
"GBPCAD, USDCAD",0.004095,0.004198,-0.085245084,0.510956742,0.488043259,0.002800846
"GBPCAD, USDCHF",0.004095,0.004141,-0.785718139,0.502598073,0.496401931,0.001346527
"GBPCAD, USDJPY",0.004095,0.003077,0.701315011,0.100000103,0.898999935,0.003067334
"GBPCHF, GBPJPY",0.004237,0.00406,0.014229276,0.477870562,0.521129438,0.002949241
"GBPCHF, GBPNZD",0.004237,0.004603,0.163420811,0.548821057,0.450178943,0.003357987
"GBPCHF, GBPUSD",0.004237,0.004111,0.115919291,0.482450396,0.516549604,0.003113565
"GBPCHF, NZDCAD",0.004237,0.004553,0.339235774,0.553711677,0.445288324,0.003583506
"GBPCHF, NZDCHF",0.004237,0.005457,-0.220651778,0.60145925,0.39754075,0.002959858
"GBPCHF, NZDJPY",0.004237,0.005916,-0.122752773,0.643540655,0.355459345,0.003232531
"GBPCHF, NZDUSD",0.004237,0.006347,0.034459168,0.697346106,0.301653894,0.003575687
"GBPCHF, USDCAD",0.004237,0.004198,-0.094675535,0.495316047,0.503683954,0.002834618
"GBPCHF, USDCHF",0.004237,0.004141,-0.169415694,0.489717717,0.509282283,0.002696345
"GBPCHF, USDJPY",0.004237,0.003077,-0.16101576,0.365461543,0.633538457,0.002286003
"GBPJPY, GBPNZD",0.00406,0.004603,0.797785364,0.798712726,0.200287274,0.004016916
"GBPJPY, GBPUSD",0.00406,0.004111,0.561242067,0.513715926,0.485284074,0.003605652
"GBPJPY, NZDCAD",0.00406,0.004553,-0.750552768,0.532147411,0.466852589,0.001514041
"GBPJPY, NZDCHF",0.00406,0.005457,0.583460623,0.824803349,0.174196651,0.003978948
"GBPJPY, NZDJPY",0.00406,0.005916,-0.202833067,0.650560831,0.348439169,0.00300281
"GBPJPY, NZDUSD",0.00406,0.006347,0.34472854,0.804298152,0.194701849,0.003869432
"GBPJPY, USDCAD",0.00406,0.004198,-0.24987525,0.512869832,0.486130168,0.00252525
"GBPJPY, USDCHF",0.00406,0.004141,-0.793805203,0.505006611,0.493993391,0.001315168
"GBPJPY, USDJPY",0.00406,0.003077,0.465393391,0.254882913,0.744117088,0.002918689
"GBPNZD, GBPUSD",0.004603,0.004111,0.512600453,0.384891892,0.614108108,0.003754705
"GBPNZD, NZDCAD",0.004603,0.004553,-0.759270569,0.496400156,0.502599844,0.001586635
"GBPNZD, NZDCHF",0.004603,0.005457,0.12818002,0.595892676,0.403107324,0.003729503
"GBPNZD, NZDJPY",0.004603,0.005916,-0.374219723,0.589607328,0.409392672,0.002883042
"GBPNZD, NZDUSD",0.004603,0.006347,0.606309045,0.865728531,0.133271469,0.004547831
"GBPNZD, USDCAD",0.004603,0.004198,-0.412480226,0.466991696,0.532008304,0.002376577
"GBPNZD, USDCHF",0.004603,0.004141,-0.885725983,0.47150336,0.527496641,0.001041007
"GBPNZD, USDJPY",0.004603,0.003077,0.174047466,0.271909705,0.727090295,0.002747097
"GBPUSD, NZDCAD",0.004111,0.004553,-0.459350431,0.534386807,0.464613195,0.002243137
"GBPUSD, NZDCHF",0.004111,0.005457,0.199251908,0.669953074,0.329046926,0.003574979
"GBPUSD, NZDJPY",0.004111,0.005916,-0.051056383,0.665739223,0.333260777,0.00329036
"GBPUSD, NZDUSD",0.004111,0.006347,0.163953589,0.739721876,0.259278125,0.003687378
"GBPUSD, USDCAD",0.004111,0.004198,0.454902057,0.518730619,0.480269381,0.003538955
"GBPUSD, USDCHF",0.004111,0.004141,-0.542790324,0.501848875,0.497151125,0.001970747
"GBPUSD, USDJPY",0.004111,0.003077,0.536181095,0.209534118,0.789465882,0.002981083
"NZDCAD, NZDCHF",0.004553,0.005457,-0.106140471,0.58054259,0.41845741,0.003304503
"NZDCAD, NZDJPY",0.004553,0.005916,0.357600367,0.694998603,0.304001397,0.004161449
"NZDCAD, NZDUSD",0.004553,0.006347,-0.179023543,0.636387614,0.362612387,0.003362232
"NZDCAD, USDCAD",0.004553,0.004198,0.403962029,0.431794734,0.567205269,0.003649223
"NZDCAD, USDCHF",0.004553,0.004141,0.850624917,0.191150051,0.807849949,0.004111155
"NZDCAD, USDJPY",0.004553,0.003077,-0.177268608,0.339525048,0.659474952,0.00232276
"NZDCHF, NZDJPY",0.005457,0.005916,0.237470183,0.552239512,0.446760488,0.004455349
"NZDCHF, NZDUSD",0.005457,0.006347,0.310528969,0.607599684,0.391400316,0.004720231
"NZDCHF, USDCAD",0.005457,0.004198,0.241023926,0.332519866,0.666480135,0.003683491
"NZDCHF, USDCHF",0.005457,0.004141,0.020702058,0.362317424,0.636682576,0.003328087
"NZDCHF, USDJPY",0.005457,0.003077,0.619705647,0.100000088,0.899000566,0.003133802
"NZDJPY, NZDUSD",0.005916,0.006347,-0.051566938,0.532859145,0.466140855,0.00421058
"NZDJPY, USDCAD",0.005916,0.004198,0.394032889,0.236877988,0.762122013,0.003966515
"NZDJPY, USDCHF",0.005916,0.004141,0.427097814,0.213916297,0.785083703,0.00396045
"NZDJPY, USDJPY",0.005916,0.003077,0.338006033,0.103011149,0.895988853,0.003017944
"NZDUSD, USDCAD",0.006347,0.004198,-0.039009623,0.310804825,0.688195175,0.00343415
"NZDUSD, USDCHF",0.006347,0.004141,-0.192086024,0.328342387,0.670657613,0.00313566
"NZDUSD, USDJPY",0.006347,0.003077,0.175396357,0.140707033,0.858292967,0.002932515
"USDCAD, USDCHF",0.004198,0.004141,0.486571452,0.486267667,0.512732347,0.003590688
"USDCAD, USDJPY",0.004198,0.003077,0.440876527,0.239953761,0.759046288,0.00292304
"USDCHF, USDJPY",0.004141,0.003077,-0.117618254,0.369959007,0.629040993,0.002322902
